geo_id,do_date,total_pop,households,male_pop,female_pop,median_age,male_under_5,male_5_to_9,male_10_to_14,male_15_to_17,male_18_to_19,male_20,male_21,male_22_to_24,male_25_to_29,male_30_to_34,male_35_to_39,male_40_to_44,male_45_to_49,male_50_to_54,male_55_to_59,male_60_to_61,male_62_to_64,male_65_to_66,male_67_to_69,male_70_to_74,male_75_to_79,male_80_to_84,male_85_and_over,female_under_5,female_5_to_9,female_10_to_14,female_15_to_17,female_18_to_19,female_20,female_21,female_22_to_24,female_25_to_29,female_30_to_34,female_35_to_39,female_40_to_44,female_45_to_49,female_50_to_54,female_55_to_59,female_60_to_61,female_62_to_64,female_65_to_66,female_67_to_69,female_70_to_74,female_75_to_79,female_80_to_84,female_85_and_over,white_pop,population_1_year_and_over,population_3_years_over,pop_5_years_over,pop_15_and_over,pop_16_over,pop_25_years_over,pop_25_64,pop_never_married,pop_now_married,pop_separated,pop_widowed,pop_divorced,not_us_citizen_pop,black_pop,asian_pop,hispanic_pop,amerindian_pop,other_race_pop,two_or_more_races_pop,hispanic_any_race,not_hispanic_pop,asian_male_45_54,asian_male_55_64,black_male_45_54,black_male_55_64,hispanic_male_45_54,hispanic_male_55_64,white_male_45_54,white_male_55_64,median_income,income_per_capita,income_less_10000,income_10000_14999,income_15000_19999,income_20000_24999,income_25000_29999,income_30000_34999,income_35000_39999,income_40000_44999,income_45000_49999,income_50000_59999,income_60000_74999,income_75000_99999,income_100000_124999,income_125000_149999,income_150000_199999,income_200000_or_more,pop_determined_poverty_status,poverty,gini_index,housing_units,renter_occupied_housing_units_paying_cash_median_gross_rent,owner_occupied_housing_units_lower_value_quartile,owner_occupied_housing_units_median_value,owner_occupied_housing_units_upper_value_quartile,occupied_housing_units,housing_units_renter_occupied,vacant_housing_units,vacant_housing_units_for_rent,vacant_housing_units_for_sale,dwellings_1_units_detached,dwellings_1_units_attached,dwellings_2_units,dwellings_3_to_4_units,dwellings_5_to_9_units,dwellings_10_to_19_units,dwellings_20_to_49_units,dwellings_50_or_more_units,mobile_homes,housing_built_2005_or_later,housing_built_2000_to_2004,housing_built_1939_or_earlier,median_year_structure_built,married_households,nonfamily_households,family_households,households_public_asst_or_food_stamps,male_male_households,female_female_households,children,children_in_single_female_hh,median_rent,percent_income_spent_on_rent,rent_burden_not_computed,rent_over_50_percent,rent_40_to_50_percent,rent_35_to_40_percent,rent_30_to_35_percent,rent_25_to_30_percent,rent_20_to_25_percent,rent_15_to_20_percent,rent_10_to_15_percent,rent_under_10_percent,owner_occupied_housing_units,million_dollar_housing_units,mortgaged_housing_units,different_house_year_ago_different_city,different_house_year_ago_same_city,families_with_young_children,two_parent_families_with_young_children,two_parents_in_labor_force_families_with_young_children,two_parents_father_in_labor_force_families_with_young_children,two_parents_mother_in_labor_force_families_with_young_children,two_parents_not_in_labor_force_families_with_young_children,one_parent_families_with_young_children,father_one_parent_families_with_young_children,father_in_labor_force_one_parent_families_with_young_children,commute_less_10_mins,commute_10_14_mins,commute_15_19_mins,commute_20_24_mins,commute_25_29_mins,commute_30_34_mins,commute_35_44_mins,commute_60_more_mins,commute_45_59_mins,commuters_16_over,walked_to_work,worked_at_home,no_car,no_cars,one_car,two_cars,three_cars,four_more_cars,aggregate_travel_time_to_work,commuters_by_public_transportation,commuters_by_bus,commuters_by_car_truck_van,commuters_by_carpool,commuters_by_subway_or_elevated,commuters_drove_alone,group_quarters,associates_degree,bachelors_degree,high_school_diploma,less_one_year_college,masters_degree,one_year_more_college,less_than_high_school_graduate,high_school_including_ged,bachelors_degree_2,bachelors_degree_or_higher_25_64,graduate_professional_degree,some_college_and_associates_degree,male_45_64_associates_degree,male_45_64_bachelors_degree,male_45_64_graduate_degree,male_45_64_less_than_9_grade,male_45_64_grade_9_12,male_45_64_high_school,male_45_64_some_college,male_45_to_64,employed_pop,unemployed_pop,pop_in_labor_force,not_in_labor_force,workers_16_and_over,armed_forces,civilian_labor_force,employed_agriculture_forestry_fishing_hunting_mining,employed_arts_entertainment_recreation_accommodation_food,employed_construction,employed_education_health_social,employed_finance_insurance_real_estate,employed_information,employed_manufacturing,employed_other_services_not_public_admin,employed_public_administration,employed_retail_trade,employed_science_management_admin_waste,employed_transportation_warehousing_utilities,employed_wholesale_trade,occupation_management_arts,occupation_natural_resources_construction_maintenance,occupation_production_transportation_material,occupation_sales_office,occupation_services,management_business_sci_arts_employed,sales_office_employed,in_grades_1_to_4,in_grades_5_to_8,in_grades_9_to_12,in_school,in_undergrad_college,speak_only_english_at_home,speak_spanish_at_home,speak_spanish_at_home_low_english
05,2014-01-01,2990671,1152175,1468412,1522259,37.9,97632,100727,101296,61628,41456,23681,21953,59003,99732,94689,92867,90446,89915,95671,94127,35723,51462,31690,44633,56516,39873,24481,19211,92679,97057,96499,58425,39559,21003,20268,58498,100506,94492,95262,90009,92179,98715,101233,39087,55656,34795,49787,66603,48538,34362,37047,2173849,2953319,2877793,2800360,,2364108,1999307,1511771,,,,,,96818,458536,43441,219052,17342,4641,65933,219052,2771619,2273,1902,25216,24599,10842,6036,142905,144961,45726,25635,93423,74534,70617,73576,69556,65675,61375,60069,51743,95124,111457,124254,78338,44816,39928,37690,2903003,510337,0.4765,1362040,729,71700,123300,195900,1152175,395744,209865,36943,17258,949979,21511,41428,44298,48528,50457,18073,18630,167156,26116,51624,50052,1984,558867,387359,764816,151953,1048,1613,705943,198545,540,28.2,46101,77134,29749,22057,31582,40036,44708,47669,39581,17127,756431,2623,415474,302379,150380,216357,130353,74508,48331,4870,2644,86004,18400,15877,225047,215732,216440,175100,68064,138980,58959,62510,70461,1231293,22089,43457,29862,73619,382632,444206,178067,73651,26713885,4631,4322,1189092,133980,110,1055112,84212,139070,288720,557808,136060,115355,315304,276029,681223,288720,356810,162901,590434,19821,46478,27148,18551,36128,141826,76946,366898,1292263,75774,1372359,991749,1274750,4322,1368037,38038,102464,84382,316335,61733,20987,174680,61795,58404,171935,98813,71860,30837,431719,134572,224523,281867,219582,431719,281867,157702,154408,155634,737199,152073,2593351,149618,68863
02,2014-01-01,738516,253462,385579,352937,34,27605,26511,26200,15376,9785,6014,6587,20020,32871,29750,26104,22094,23403,25326,25948,9884,13164,7903,9285,10386,5747,3282,2334,26635,26117,23521,14173,8117,4456,4790,14882,28979,26919,23444,21037,21471,23144,24956,9574,11231,6552,9155,10085,5694,4092,3913,450754,728151,706278,684276,,571528,477727,399299,,,,,,24617,22817,45617,51186,103506,1459,54633,51186,687330,2851,2584,1828,1410,2411,1503,33412,36594,76715,35874,10230,7609,7962,8567,8830,8897,8630,9759,8172,18000,27311,36073,29553,20043,23692,20134,720674,77865,0.4237,315386,1231,176800,265200,367900,253462,91290,61924,6691,3251,198366,23031,17096,23586,14424,8578,9864,5102,14855,2986,9002,5089,1984,125847,85829,167633,33390,311,551,186138,36842,1117,28.2,8249,17098,7214,5889,7919,9648,10975,11754,8192,4352,162172,663,104091,71490,56214,62365,42928,23382,16851,1981,714,19437,5895,4927,90145,67020,64605,48686,13727,23169,7628,16253,10663,341896,27575,16731,18150,23959,75768,96421,38616,18698,6426000,4981,4598,290566,43758,37,246808,27399,40052,88053,107913,35716,36794,93703,34760,133851,88053,115360,51592,169471,8530,15485,10649,2005,4382,30769,25905,97725,351152,28067,396353,175175,358627,17134,379219,16957,32505,24492,84410,12200,7766,12792,15317,42274,38382,28755,29209,6093,130498,42571,43591,72150,62342,130498,72150,40496,39324,40238,187142,35996,573373,24378,6432
10,2014-01-01,949495,357765,459570,489925,40.2,27813,27532,30043,17767,12533,6729,6234,18042,33137,30102,27662,25972,28892,31832,31908,12523,16403,11587,14791,19562,13733,7817,6956,27041,27634,28633,16963,12535,6891,6062,17064,32966,30153,28834,27770,31116,34613,36267,12946,19754,13216,17727,22783,16928,10547,11482,595623,939651,917896,894641,,769793,659979,492850,,,,,,45905,204665,36464,86315,2851,1804,21497,86315,863180,2159,1623,13339,10994,4540,2649,40154,44846,65627,33989,19901,12769,12490,15416,15365,16843,15105,14978,13875,27672,36996,50512,34311,22450,25568,23514,923678,109798,0.4546,428251,1110,168700,244700,351900,357765,103457,70486,7972,5081,251970,65736,6767,9508,15802,23515,7575,11748,35356,10360,16602,19668,1984,174333,119864,237901,44066,848,845,203426,58177,933,29.7,7676,23177,9186,5955,8968,11033,11400,13364,8266,4432,254308,1686,167225,99335,15466,62203,37878,24634,11867,1110,267,24325,5252,4939,45032,62199,69660,70184,29287,57695,26320,33725,29173,423275,9518,21633,11475,21698,119534,144052,50798,21683,10921295,11739,9067,396966,36601,319,360365,25051,51522,120794,187042,39834,62275,85352,67482,208557,120794,160628,86438,176708,8263,22168,14336,3591,8644,42137,22419,121558,450946,28501,482623,287170,444908,3176,479447,4582,42118,29997,111889,42969,6360,38131,19493,25452,54853,43984,22135,8983,179939,38827,52622,99715,79843,179939,99715,43776,47451,46140,230566,53398,778595,62657,22610
48,2014-01-01,27885195,9553046,13849775,14035420,34.4,1022326,1029753,1052203,615659,403141,217800,209558,604014,1055421,1024764,960504,924390,882591,857779,812347,295067,397084,233802,313318,388615,257255,163601,128783,976543,998398,1005211,592593,375799,198864,195571,572403,1014280,999832,955466,927222,895104,875566,846531,319394,434203,261133,349061,454786,320550,229762,237148,11807263,27505786,26704075,25886326,,21394120,17815359,14477545,,,,,,2998348,3269253,1292813,10921556,68452,42354,463123,10921556,16963639,87271,58839,207050,170640,612341,413295,813047,843070,59570,30143,609111,415778,431000,454863,460236,456584,419784,431876,372502,753148,942058,1168213,839610,552446,588275,657562,27264694,4213938,0.4806,10769900,998,91800,161700,269700,9553046,3635275,1216854,308747,95712,7019127,280670,203929,345940,515395,679352,388909,541370,777687,360718,549114,369347,1986,4812972,2923721,6629325,1207242,15208,18649,7292686,1862676,832,29.1,267606,769279,311325,229622,304453,396040,453429,456573,311585,135363,5917771,45332,3421912,2571839,1583948,2307153,1485150,764259,661017,40934,18940,822003,172424,155047,1459703,1634930,1918817,1765031,733364,1826083,819473,1015450,1065917,12238768,196708,604052,270007,512772,3159175,3845889,1434725,600485,322657055,184848,159344,11650999,1305195,9745,10345804,599745,1261050,3409836,3660917,1106617,1321019,2785910,2993432,4448881,3409836,4349173,1809633,5153577,220811,585711,348825,304418,281403,839921,663779,3244868,12985624,743006,13818331,7575789,12842820,89701,13728630,407019,1192224,1088705,2805186,862041,229841,1116997,673193,525017,1483375,1480493,741256,380277,4705124,1407656,1684798,2925929,2262117,4705124,2925929,1649067,1643962,1611567,7626437,1534309,16688818,7631379,3073590
16,2014-01-01,1687809,618331,845564,842245,36.1,57945,63203,64606,38489,23499,12376,11366,35578,56883,54666,55210,50499,49737,50218,50707,21045,29642,18846,25230,30975,21128,13172,10544,56219,60162,62390,36162,22483,11899,10927,31239,54597,54060,53223,50272,48399,50705,54800,20943,29859,19562,25567,33420,22757,15359,17241,1387654,1666752,1620960,1573645,,1298537,1089266,835465,,,,,,61275,10739,22809,209073,18775,1038,35373,209073,1478736,1207,1100,813,395,10913,6387,84344,90966,53089,26772,38492,29568,29865,33635,31268,34988,32391,31324,28244,54943,70028,76641,51057,28311,25253,22323,1656621,228882,0.4499,711731,825,129700,192300,291000,618331,190031,93400,10911,7621,520741,21323,16213,31864,19918,15085,11969,14032,59316,18754,23860,28592,1986,335422,199643,418688,70443,730,899,439176,75060,690,28.4,18048,37344,16219,11818,14395,19709,22762,24860,17155,7721,428300,2426,277498,195420,86927,133543,101229,49332,47452,2649,1796,32314,9524,8676,148076,127639,125622,99510,39941,73855,30067,33000,33692,711402,19434,46006,11829,24389,175861,238714,115085,64282,14756120,5418,5201,670856,75430,64,595426,30030,104333,198648,242641,93908,65700,193205,102691,301860,198648,229361,94621,391446,19401,34064,19711,7875,12063,58047,50188,201349,768701,37672,810430,488107,757408,4057,806373,40219,69526,55969,172636,39488,13725,75266,35268,37929,92150,78529,37678,20318,266331,92272,103287,170836,135975,266331,170836,97287,100046,99213,449479,91226,1404451,126615,48801
12,2014-01-01,20598139,7621760,10071925,10526214,41.9,570515,579011,599823,369269,248252,139126,132153,385932,699552,650704,617492,618774,653838,695182,666945,258102,355805,234111,339287,468884,353420,231596,204152,546905,552728,577156,353145,230440,132337,128463,366157,674394,641298,629548,627945,672627,727190,732485,286049,414421,273603,388966,542743,403820,292005,331789,11196857,20386265,19937702,19480719,,16932309,14686727,10622351,,,,,,1897939,3167011,548642,5184720,41776,68744,379619,5184720,15413419,36337,28318,197429,167731,357420,238573,746077,835146,53267,30197,520876,360160,389340,410675,410787,402990,382842,377521,331613,630925,770510,907315,592612,356367,368189,409038,20178544,2983851,0.4868,9348689,1128,112000,196800,319700,7621760,2667159,1726929,249404,119137,5074199,577355,202758,368118,471742,543993,533971,727247,837333,182026,230396,192250,1986,3560518,2703919,4917841,1122809,17272,13972,4148552,1202790,960,33.5,186924,716585,265994,185287,238215,287013,304935,264126,154370,63710,4954601,57218,2835760,2281752,703545,1282636,764457,446169,277348,26339,14601,518179,120385,109129,765910,1010012,1286170,1369532,583736,1446327,657201,699617,787369,8605874,129987,534519,259220,493915,3063582,2921330,851072,291861,235880515,176146,157889,8096487,841097,9586,7255390,431638,1438630,2721635,3616947,941022,1081844,2022451,1769489,4231678,2721635,3156987,1561822,4402103,235064,472987,279433,116977,206638,801886,516887,2629872,9253932,622978,9931799,7000510,9140393,54889,9876910,94058,1132844,677886,1945214,715483,171201,470883,491801,397251,1194414,1211027,502921,248949,3247478,859156,965683,2316975,1864640,3247478,2316975,921825,936300,986453,4737877,1126230,13810811,4199678,1796684
49,2014-01-01,3045350,957619,1532768,1512582,30.7,129503,133298,133551,75775,45260,22094,26760,81064,117104,111862,112895,96042,81757,75563,73856,28600,39689,23124,29952,37894,25777,16723,14625,123362,128131,123860,71569,44672,22595,26643,75148,112311,108535,108431,93095,79317,75897,75493,29752,41597,24589,32648,42337,30080,22096,20424,2394238,2997126,2895113,2792485,,2224253,1782065,1461796,,,,,,157442,33713,68747,422123,28047,4802,67073,422123,2623227,3755,2974,2047,1572,21147,11972,125932,122284,68374,28239,40085,29541,30491,34642,38599,38728,40549,42498,38587,80778,112915,145363,104396,64513,61120,54814,2997963,309904,0.4264,1066131,988,178800,256700,371300,957619,288634,108512,17443,8526,730355,66287,31105,46264,36892,46230,35396,35971,36942,33546,49009,37818,1987,587505,240735,716884,74474,1145,1330,919049,118810,862,27.9,17524,54751,23605,18437,25378,31707,39781,40753,26332,10366,668985,5518,472593,359195,128839,296973,244786,112724,124803,5048,2211,52187,13818,12842,226698,220832,241443,213526,88198,151140,69290,63497,70554,1345178,36297,88266,23532,39488,234898,396471,184745,102017,29166300,35349,21345,1248877,159902,3203,1088975,46677,173766,391237,355712,141143,144145,323812,143360,407324,391237,491275,201423,638721,25052,61726,44014,9421,17230,65796,76226,299465,1452040,58958,1514938,709315,1433444,3940,1510998,25511,131704,100817,319403,98780,32224,153394,64425,68978,169916,179861,70020,37007,553507,127485,194831,354315,221902,553507,354315,208192,202381,200830,972456,214608,2367992,288392,98184
37,2014-01-01,10155624,3918597,4944759,5210865,38.6,308599,323060,337551,201335,143919,79011,76073,208855,344310,318284,310634,323661,335652,335438,323640,122190,167443,106784,146604,181219,120326,73844,56327,294594,312286,321145,194046,136995,68980,67299,200102,347356,329535,328935,336015,350558,354986,353337,135186,193616,121442,166596,219244,154668,109841,114103,6433039,10041403,9797524,9552431,,8124899,6881774,5310776,,,,,,494357,2146254,280059,935950,111360,22615,220670,935950,9219674,17539,10287,133907,121345,50398,24007,456087,446043,52413,29456,266502,212515,207195,210335,210982,209328,193292,196956,167230,320322,387786,471985,303156,185224,183853,191936,9881292,1523949,0.4769,4573066,877,100500,165900,272100,3918597,1369892,654469,103950,49548,2976686,187331,94876,126105,196249,192765,116356,84381,595468,95165,167882,162889,1987,1886087,1345071,2573526,532211,5417,7019,2292616,620779,687,29.3,120719,292754,113876,82850,114410,144247,164856,166079,120685,49416,2548705,16390,1617213,1064276,415147,697120,436539,254765,163241,14001,4532,260581,58411,52068,548268,642470,756018,690641,314595,584890,289696,267200,313561,4407339,85152,253038,102875,231826,1250117,1503324,638566,294764,107805790,47381,42455,4215826,434180,2523,3781646,272714,652658,1345846,1482960,434625,543580,1045166,869866,1780253,1345846,1705258,753360,2132449,108638,234970,132986,57283,116594,368996,264896,1284363,4665822,312610,5071505,3053394,4660377,93073,4978432,59871,447280,316244,1072526,300877,82050,579014,230632,200813,547719,499332,211453,118011,1746690,429622,681065,1004157,804288,1746690,1004157,509131,517657,534745,2520207,574993,8446044,716899,309235
45,2014-01-01,4955925,1894711,2405726,2550199,39.2,147614,157158,158505,95185,70760,38450,38070,97990,167118,153268,145983,148438,151865,160572,156799,62383,87687,55157,81342,100618,64710,37848,28206,142476,150252,153768,91293,66402,32596,33800,96604,171078,157998,156178,152677,161955,173441,177514,71357,99608,64851,91210,117489,77941,53344,56367,3156973,4899989,4785493,4665835,,3985183,3385002,2555919,,,,,,141515,1328352,74278,275685,14187,8584,95054,275685,4680240,4768,2930,77134,75008,14754,8233,211775,217150,51015,27986,145418,104615,100493,105989,105418,102763,91395,91331,82675,154561,194100,229417,144972,83699,81237,76628,4814032,770632,0.4727,2256951,868,86400,154800,254400,1894711,589362,362240,62084,24487,1417409,69711,46318,63800,97149,77871,57240,54590,371197,57112,85021,67247,1987,892969,644916,1249795,257047,2242,2697,1096251,342536,660,29.9,66229,128852,48195,35625,47860,58246,68202,68532,46998,20623,1305349,9199,762745,596275,103492,332200,196183,118374,70261,5518,2030,136017,24673,21653,256733,297460,357244,336888,143652,307194,138192,126722,159029,2123114,46140,91900,50583,122421,625972,729902,289734,126682,52214115,11816,10457,2033156,208135,601,1825021,136797,324446,588965,847337,202163,250813,496341,435770,998459,588965,717855,338858,1022950,53248,104914,53886,23641,60385,202738,120494,619306,2227307,153242,2411983,1573200,2215014,31434,2380549,22027,226069,148072,482201,128363,38602,304868,113156,100811,270014,226031,110259,56834,758815,204307,354549,510970,398666,758815,510970,247702,248022,251945,1195464,262715,4338414,209312,89943
13,2014-01-01,10297484,3709488,5012229,5285255,36.5,335188,357301,363608,218482,148729,80033,74218,213036,362366,338616,334236,330002,343056,340861,314971,118196,152215,92412,129611,159804,101876,59748,43664,320622,339831,354535,211728,142267,72963,70935,207461,365322,353480,356064,352249,361891,361447,341093,129881,178312,108999,150647,193751,132646,89416,89715,5476441,10171713,9914905,9641674,,8082220,6786547,5434258,,,,,,591482,3195363,399223,968463,18416,30394,204114,968463,9329021,27442,18254,196492,160096,55853,27633,396323,373036,55679,29523,269435,178646,181252,186094,184985,181841,167952,173008,155100,291450,367877,453876,307352,193627,201822,215171,10024689,1607714,0.4821,4241003,968,98400,166800,277500,3709488,1369507,531515,104455,48158,2816301,161927,92367,125579,200605,198376,112651,146382,383449,77777,112610,116536,1988,1768511,1207720,2501768,522210,6553,7382,2501295,740235,765,29.9,110936,308300,120326,84962,113341,140841,160707,167496,114752,47846,2339981,15766,1533925,1214677,292058,754832,460017,263675,176345,13985,6012,294815,56622,50164,431071,558010,666047,632434,268468,632503,315863,475226,433254,4412876,69380,254502,140054,245063,1216488,1417835,568843,261259,125507580,99181,71421,4165302,456908,23545,3708394,260334,518144,1282947,1566284,379243,564866,1014998,903914,1890132,1282947,1739911,797169,1912385,86342,236967,146358,58269,114408,383251,243704,1269299,4721065,322854,5091132,2991088,4667378,47213,5043919,51567,444832,312382,983296,293047,112990,501425,230396,235897,552766,568320,302521,131626,1750896,426130,694052,1072605,777382,1750896,1072605,565884,574300,587442,2755788,580471,8301923,770037,333966
04,2014-01-01,6946685,2524300,3453439,3493246,37.4,222981,230966,237590,141556,97291,53619,52584,148625,253812,235745,218187,213557,209738,209304,202117,78444,113409,73286,102747,140586,102589,64662,50044,213121,221866,229677,136026,93324,49596,48052,135879,234547,221707,215619,207857,210350,215871,218373,87314,129661,83283,116285,158048,114385,73900,78505,3825886,6865715,6693331,6510583,,5498826,4633932,3475612,,,,,,538326,286614,222477,2163312,271946,9177,154750,2163312,4783373,13932,9671,19448,15613,115486,76689,249818,276065,56213,29265,170434,111075,118026,126194,125448,125317,118929,123277,107425,210570,262334,315900,211274,131233,133172,133692,6788985,1092192,0.4681,2970935,1009,127500,209600,328200,2524300,918235,446635,67734,35847,1900540,143022,38159,99792,122169,142435,77088,125779,311084,54839,81692,44219,1990,1200133,876174,1648126,313003,5316,6027,1633783,420164,843,29.3,67797,200781,79843,56843,74781,98510,115817,116060,75228,32575,1606065,14904,1031561,712255,463975,497853,306623,159129,131546,10569,5379,191230,49907,43907,346650,372716,436062,435323,206037,414607,206277,186800,221507,2825979,57910,182728,85218,160011,912818,958686,345049,147736,71461040,57302,52612,2632801,326774,1235,2306027,156005,398147,835120,927855,352036,362611,820125,613002,1112551,835120,1005130,502951,1570308,67059,143315,91195,51393,61500,200779,197771,813012,3045978,210214,3274526,2224300,3008707,18334,3256192,43506,336854,208060,666264,252624,55406,211862,147284,150464,370350,373447,159131,70726,1094402,276848,333705,743623,597400,1094402,743623,366621,369947,377485,1764220,397686,4740041,1338389,447267
32,2014-01-01,2922849,1075930,1467165,1455684,37.9,93316,97511,96078,57719,33737,19239,18535,55066,109890,106517,99481,97941,99550,98101,92745,35012,49290,30857,43429,57648,37116,22677,15710,88995,91454,94554,54849,30908,17688,17213,54537,105969,102119,96169,96375,95944,95051,93462,36928,52855,33653,46380,61156,40082,25384,23959,1458093,2889793,2816727,2740538,,2322826,2001450,1563399,,,,,,293257,249967,229928,831597,26355,8693,100513,831597,2091252,15069,13294,16976,13611,50119,29113,109317,116352,57598,29961,66099,42870,46175,52503,52723,55785,52494,52288,46946,89534,116327,143651,94826,56822,56228,50659,2881404,393431,0.4568,1235096,1060,160100,242400,354600,1075930,475410,159166,42205,12991,737719,56951,16145,77243,100751,66688,36315,76084,65692,24960,37471,14006,1994,477255,392745,683185,139681,2664,2065,674476,174146,902,29.6,24834,104305,44336,32031,40787,52525,61638,61447,38326,15181,600520,5711,409424,334847,182677,209345,126554,69991,50294,4420,1849,82791,24384,22498,132042,173322,217044,240426,108287,218430,75629,67865,65367,1298412,25750,53538,47599,81930,386560,393113,148401,65926,31506085,46574,45986,1196476,139518,270,1056958,37700,163699,317510,483098,149930,116743,365081,274163,563229,317510,373634,167838,678710,28199,56943,31601,24232,30328,107557,95838,374698,1370603,101748,1480282,842544,1351950,7931,1472351,21511,339705,92041,217868,77574,21366,60312,63142,58068,161824,151242,77447,28503,398596,120118,160527,330455,360907,398596,330455,151575,151784,156013,695651,137257,1907502,583289,230532
11,2014-01-01,684498,281322,324881,359617,33.9,22724,17266,13562,7924,9721,5493,5610,13801,37850,36999,28413,20714,19244,19208,17978,6526,8470,4706,6276,9434,5706,3549,3707,21968,16462,14001,7830,11942,6127,5333,17753,44563,40304,29082,20967,19030,18978,18475,7425,11043,6290,8827,11387,8783,5798,7249,248057,675182,657764,639806,,573275,486981,405269,,,,,,55988,315281,26278,74776,1314,2648,15864,74776,609722,1216,644,18294,18700,4340,2534,14174,10825,82604,53321,25944,12630,9426,8331,9622,8259,6817,7775,7474,14176,20711,30248,26126,19635,26806,47342,650912,109497,0.5283,311545,1487,355200,568400,875900,281322,163751,30223,10492,1905,37443,76711,9616,21796,21619,31899,24762,87378,230,8053,9946,36548,1953,71726,159534,121788,41172,2434,787,121737,53865,1398,28.8,9983,37457,10858,10519,13604,18983,20713,19851,13587,8196,117571,12166,88908,54941,66724,49463,26671,20582,5425,576,88,22792,3252,2788,18177,25533,39756,52016,26971,69168,40884,30112,41146,343763,48047,22405,89068,99637,125351,45818,7972,2544,10416570,127530,50181,144993,19531,75595,125462,39620,14637,118817,70723,16914,100571,45704,45805,83572,118817,245445,161532,77255,2269,13378,20888,3197,4700,16025,10969,71426,369194,29373,401740,171535,366168,3173,398567,476,36729,10009,68450,24754,13858,4684,33248,59985,17287,86267,11555,1892,230061,9825,15987,58084,55237,230061,58084,25986,21472,24364,168529,48110,528179,57321,23428
36,2014-01-01,19618453,7316537,9519555,10098898,38.7,594981,572979,586127,362400,260177,139796,136000,405268,742377,684918,616111,585959,631943,668150,648749,246711,327039,197948,258792,328161,226282,153959,144728,568625,548195,560394,347932,254251,135247,133323,406416,741922,691625,635317,608683,664013,711540,693619,275065,363912,228196,302021,404448,302182,228389,293583,10959534,19401482,18935506,18454847,,15951997,13606342,10537653,,,,,,1937820,2808679,1616028,3705588,46139,105032,371862,3705588,15912865,106107,95236,191999,164457,226465,156248,764357,799153,65323,37470,492408,378399,325767,318683,301819,300327,275108,279709,243067,492299,648570,868488,658357,466265,554471,712800,19108993,2797985,0.5137,8287087,1240,144000,302200,534900,7316537,3373181,970550,152802,68359,3477790,414580,858846,586291,431455,345347,674445,1302352,192909,56767,119495,690197,1956,3232009,2682333,4634204,1150522,16819,12381,4141633,1097362,1123,31.7,197241,915370,278819,201907,291844,340053,361853,362986,266961,156147,3943356,130631,2418813,1049714,844065,1329064,871880,530991,294205,32907,13777,457184,97040,85144,838275,907298,1027826,1078590,485334,1240381,726820,1584710,968168,8857402,569444,389169,2001636,2125466,2395399,1910366,621450,263856,295138830,2591512,533192,5515207,601311,1773088,4913896,574848,1184265,2748577,3020851,634196,1541679,1503643,1839849,3556251,2748577,4032301,2139561,3322104,214429,461771,351158,145452,193685,741442,414655,2522592,9445023,602636,10070138,5881859,9246571,22479,10047659,53736,902670,533001,2612367,756756,275615,574143,466277,433649,979924,1122958,510761,223166,3850124,677181,955731,2068342,1893645,3850124,2068342,901246,912120,973924,4769473,1147231,12830019,2769603,1223844
44,2014-01-01,1056611,410885,513332,543279,39.9,28137,29302,30294,19311,17232,8511,7754,23724,38292,34148,31068,30035,33847,37099,36680,14153,19099,11275,15214,18719,12281,8990,8167,26450,28233,28649,18493,18342,9246,9190,20555,36762,33675,32049,30259,35915,39784,40052,15277,20784,12566,16933,22093,15583,13579,18810,767727,1046251,1024576,1002024,,873369,733188,558978,,,,,,64579,59001,35128,158858,3708,7090,24415,158858,897753,1954,1443,4002,3488,8506,5106,55088,58916,63296,34619,27976,21929,18454,18404,16967,17116,16428,17307,12995,28967,38889,51575,40991,26330,29091,27466,1016029,133055,0.4748,467412,981,180800,249800,363100,410885,163320,56527,10059,4620,257154,15425,51951,57946,23801,18056,13675,24570,4548,2089,4339,32519,1960,182276,155219,255666,69135,957,725,208869,59684,837,29.6,10567,36294,12826,10747,14630,21134,18608,18884,13556,6074,247565,2388,170955,90987,35749,63773,39965,27430,10715,1309,511,23808,4950,4440,61455,74250,79825,80936,34823,62146,34385,34284,33338,495442,18556,20430,16186,39631,148749,151870,50202,20433,12302265,12915,9388,457799,44694,418,413105,41742,61136,145595,172787,42214,69830,90873,87994,207007,145595,195053,98369,194223,11910,25951,18395,6672,10953,43674,23323,140878,527972,34479,565997,307372,515872,3546,562451,2619,55595,28855,144329,36134,8850,56960,23567,20882,64087,53114,20095,12885,203264,38351,65263,118189,102905,203264,118189,46549,46355,49607,261044,78331,780842,121009,52278
25,2014-01-01,6830193,2601914,3313979,3516214,39.4,185470,186240,204948,128230,103219,50860,51145,144653,249841,231315,203435,205395,223410,241487,233331,87325,119080,70133,92677,120067,76277,54287,51154,177211,183150,192509,122139,105793,51509,51423,142899,248151,234335,211385,214491,236974,254905,248449,95002,132260,80096,106104,142678,101225,79591,103935,4930412,6761317,6618095,6467512,,5619991,4748795,3670571,,,,,,533281,463796,440336,789127,8890,53268,142666,789127,6041066,26756,18695,31401,26079,41317,25644,357728,364885,77378,41794,141665,117095,99967,96039,90190,92898,84349,87098,77960,159016,223272,311620,262710,199140,247215,311680,6593960,710305,0.4841,2882739,1225,250300,366800,549800,2601914,980861,280825,39087,16817,1501300,154655,287360,308728,167997,124484,126421,187367,23508,28794,45461,161272,1960,1224142,950106,1651808,333410,5403,5251,1379897,335774,1083,30,56411,228020,78778,59460,95642,112983,115802,116389,79840,37536,1621053,49095,1126604,555437,243855,421415,292470,203182,77247,8574,3467,128945,26866,24633,352304,392207,436653,423802,193128,470159,275140,425805,354991,3324189,171603,176034,204293,323287,923238,942072,294063,119254,98776565,358143,118713,2721039,262975,168360,2458064,250640,365103,1128877,1019399,228477,637628,512307,454360,1150846,1128877,1676579,908825,1105887,62631,200035,161904,37892,47375,253911,140885,904633,3570257,203464,3778642,1841349,3500223,4921,3773721,14765,311717,201006,1007123,264297,83154,316985,159705,138304,368361,491433,134050,79357,1643529,241808,334206,726280,624434,1643529,726280,297757,315810,343278,1734143,448682,4941922,581553,239079
42,2014-01-01,12791181,5025132,6263189,6527992,40.7,363116,370321,392373,243871,178501,89843,86600,251752,438627,407723,376257,369650,409982,443672,455388,176595,240840,144701,194334,239173,166919,115288,107663,346134,356853,372450,230212,173742,86458,87445,240147,422317,399081,373085,376230,418134,459506,479286,187882,257247,158387,216160,283264,216092,171292,216588,9826865,12654296,12372976,12081931,,10432506,8921363,6691502,,,,,,410844,1360576,424597,905156,14419,20860,236006,905156,11886025,26089,18894,86132,73952,47309,29321,687257,745000,59445,32889,315702,227537,243269,240294,238838,236685,218023,219863,199038,393025,507643,646375,450266,288974,296797,302803,12380149,1578949,0.4706,5673599,915,104600,174100,280900,5025132,1557665,648467,96671,57564,3238060,1055994,250477,230740,183867,143833,119580,225520,224034,46795,88118,427320,1962,2408669,1793062,3232070,700759,7056,8047,2675330,682153,739,29.3,123875,360817,120288,88294,125296,163146,178631,191481,140921,64916,3467467,19984,2094765,1121473,374900,820551,526329,334299,169234,14745,8051,294222,68835,60947,751777,765637,836433,809127,383958,745484,431726,526575,500872,5751589,223371,280424,304997,552690,1706595,1825382,659625,280840,154924705,337633,224086,5104953,511844,45705,4593109,425132,741590,1661705,2784595,487407,774543,939376,874018,3133655,1661705,2238571,1083612,2168373,135034,297003,194638,45977,113300,670080,270445,1726477,6151998,379765,6536846,3895660,6032013,5083,6531763,83646,516476,357563,1590166,397588,102804,727961,288748,247110,697501,636276,336972,169187,2349748,503095,891083,1336980,1071092,2349748,1336980,583816,605016,626686,2971060,663309,10721460,592883,232430
09,2014-01-01,3581504,1367374,1747131,1834373,40.8,94768,101921,115164,73109,53233,25649,25684,75761,113032,109545,103316,105773,120774,132434,129374,48708,64859,37397,50620,64036,43544,28605,29825,90215,99085,108971,69392,51448,25902,24184,68310,106947,110324,107236,110698,128414,140516,136796,52427,69955,41013,57061,77287,55333,43497,59362,2418696,3546789,3473897,3396521,,2924591,2478708,1891128,,,,,,250818,351817,157406,561791,5320,11421,74301,561791,3019713,10427,6926,24241,19288,32450,19905,183024,194647,76106,43056,70710,48894,48387,52382,49434,48131,49118,50303,46092,91410,120646,170246,133855,101684,123672,162410,3474901,348449,0.496,1512305,1156,182400,272700,403700,1367374,460240,144931,31889,16808,892608,80684,123908,130948,84021,57153,52380,78492,11734,10251,19181,104394,1964,660364,474434,892940,177427,1765,2029,752625,188318,973,31.2,28873,117391,40330,28123,39695,51574,53223,50809,33022,17200,907134,18609,621120,288052,114306,215787,146551,97182,43775,3983,1611,69236,15222,13966,201644,250417,267033,261338,112588,213172,112451,154066,117378,1690087,49525,90566,59241,121241,446934,513455,198769,86975,44503900,84347,41788,1535452,143527,2226,1391925,114842,190869,538924,591158,129622,309751,286645,235826,670519,538924,776853,426303,607136,34092,104550,83260,16304,27790,147799,82354,496149,1810445,125909,1944843,979748,1780653,8489,1936354,7195,150852,107331,479677,164607,41839,190995,83686,67172,191939,207632,72806,44714,782135,132514,186844,391417,317535,782135,391417,163754,180003,197549,906545,215642,2643514,400036,156945
34,2014-01-01,8881845,3213362,4335930,4545915,39.8,266146,274580,287970,178390,112019,56134,58760,172487,290424,285524,283386,282410,304386,322210,308091,112999,150687,86995,118292,148824,102064,67531,65621,255538,265755,274698,170325,104436,54403,53892,166770,276273,283444,289582,287846,319607,340042,328115,124350,163303,99856,135876,182702,133834,103217,132051,4960005,8786172,8575911,8360161,,7142175,6129542,4752679,,,,,,869722,1129257,826944,1768020,9599,36881,148884,1768020,7113825,57956,43804,80349,63479,113836,73934,370238,386173,79363,40895,165332,106777,118201,121047,115724,113182,107671,106659,98978,200582,279210,389646,322775,240597,310244,416737,8707826,904132,0.481,3605401,1295,216900,327900,479800,3213362,1158949,392039,63742,35674,1931259,342782,334136,230589,172006,178166,140648,240979,34236,36833,58133,265576,1967,1646548,990994,2222368,311025,4480,4421,1973402,446266,1157,31.2,61745,300526,100688,72125,100323,125564,135268,132227,89635,40848,2054413,42277,1383992,649084,175649,608682,426286,264884,142733,15010,3659,182396,40752,37749,399308,474915,513929,539713,255559,548013,324842,651774,406635,4114688,125663,188430,272930,367761,1095623,1158789,410128,181061,130635610,494549,266138,3416225,344699,88728,3071526,184786,401069,1457910,1530024,309670,671274,710066,641113,1683568,1457910,1976386,926146,1420805,70551,271536,188435,49636,66660,347230,204325,1198373,4390602,285084,4684112,2458063,4303118,8426,4675686,14060,360170,254856,1045599,371275,122369,359849,194399,184658,483359,585869,264780,149359,1860424,313388,502017,999943,714830,1860424,999943,435452,446352,472232,2221322,469111,5769902,1356058,592567
17,2014-01-01,12821497,4830038,6295915,6525582,37.9,397436,408589,427108,260062,172162,88740,90422,266135,454479,443198,420224,404320,413405,428672,423041,161290,214985,126371,164710,210099,141562,95207,83698,379521,393757,409848,250240,165114,86413,84799,258808,443317,438307,421333,406176,422013,442449,445723,171572,232936,141820,186378,250247,184258,140699,169854,7894286,12673412,12364795,12044540,,10234674,8682343,6787440,,,,,,898381,1796057,685343,2174842,15037,20105,232739,2174842,10646655,42330,33067,107064,97347,129730,80691,554656,581125,63575,34463,314802,194284,210540,220865,206622,209338,198458,201578,177177,359558,469039,613917,452341,298758,335066,367695,12523283,1635603,0.4816,5347268,984,110000,187200,305200,4830038,1641003,517230,113418,63102,3144791,306831,302751,346168,341128,204909,194479,372986,131643,38500,72291,336268,1968,2300306,1712705,3117333,661803,8538,6329,2926561,724953,846,29.5,117808,382024,131691,96775,132569,171775,197433,203872,142445,64611,3189035,32397,2034106,951919,620675,902341,593499,366959,204453,15670,6417,308842,69791,63108,690656,701588,750699,736057,354523,808989,489190,686871,614842,5833415,182578,290729,316310,522837,1672908,1767754,612583,253956,169136975,578636,229402,4962939,486708,199271,4476231,297900,692622,1801833,1955687,568857,847698,1230951,964587,2267535,1801833,2470729,1155958,2492430,126640,311008,211181,80260,106258,459747,346299,1641393,6225964,437139,6679997,3554677,6124144,16894,6663103,66259,568457,328620,1426656,453391,120002,753276,294078,226871,669968,735339,394511,188536,2370095,448917,940636,1393893,1072423,2370095,1393893,642255,668169,691482,3281552,702516,9274377,1616278,629685
39,2014-01-01,11641879,4654075,5703967,5937912,39.3,356158,364904,381863,236227,159095,83433,81108,229404,393824,363447,350595,342335,368484,392569,405748,157204,212336,129721,169754,204267,144488,92737,84266,339775,348619,365846,224776,152101,78172,79030,224283,385070,363140,351759,348864,376196,407180,429172,166350,229951,142146,189626,245127,186771,136152,167806,9220638,11507938,11231285,10945946,,9332790,7937085,6044224,,,,,,253618,1418048,247987,431327,17723,18848,284253,431327,11210552,14110,9730,84715,79057,21314,13755,631335,663856,54533,30304,333406,226269,234656,241376,232036,238321,218745,224516,195864,374620,479196,586108,392130,241243,226944,208645,11319092,1645986,0.4653,5188270,788,86700,140000,217400,4654075,1582848,534195,96114,49171,3560951,233897,223313,229485,248769,207045,109493,178311,195463,45961,78298,324252,1968,2145423,1700315,2953760,665302,6895,8503,2618168,715041,625,28.2,117769,337757,122775,86641,124053,171119,189177,206050,158022,69485,3071227,9048,1944435,1113522,543528,795810,488295,309753,156401,14909,7232,307515,67765,60633,748641,752233,848856,838746,425253,658730,356906,263022,330062,5222449,121728,220315,164532,380845,1541967,1751076,673086,307101,122560035,87570,83286,4949445,423056,2231,4526389,314095,681630,1370810,2333362,543607,613112,1080640,786160,2639478,1370810,1799448,834760,2305877,115334,250162,153865,35376,109633,569866,302105,1536341,5549577,343232,5901307,3431483,5442764,8498,5892809,56560,506256,293113,1338511,357138,91135,851322,244720,208714,638638,534922,280178,148370,2026041,416148,943617,1209670,954101,2026041,1209670,574355,591136,615022,2848490,615907,10174971,250520,87406
19,2014-01-01,3132499,1256855,1554481,1578018,38.1,100506,104367,105386,62435,47632,24697,23990,68978,99723,101108,99404,88682,93739,101437,104817,42679,57561,34355,44239,55674,40005,27572,25495,96924,99659,100772,59983,44690,23953,22498,64656,96093,96609,95418,87513,92343,102069,108571,41219,59076,35348,48052,62021,49756,39373,51422,2695888,3094074,3014666,2935069,,2484354,2081373,1568061,,,,,,100396,107471,74640,183296,9067,2806,56468,183296,2949203,3872,2182,6397,3926,9429,5375,173574,191995,58580,31085,68502,55656,59026,60647,59917,61240,57473,61014,53332,104907,137981,178095,116267,68003,61585,53210,3030572,353634,0.4421,1386722,766,87100,142300,222500,1256855,362703,129867,25479,13482,1016355,55337,31756,47581,51563,53875,49302,28740,51765,22816,40170,72207,1969,634021,456345,800510,141963,1207,1507,730032,148354,621,27,30591,72286,25894,18747,27521,36027,43858,47675,40407,19697,894152,2945,542373,281283,177203,231043,162893,115963,41484,3690,1756,68150,19558,18072,363564,275199,260815,210243,89947,133787,62579,52002,59863,1507999,51801,75272,33898,71845,372178,489806,214824,108202,28835960,17435,16984,1416582,131548,72,1285034,100084,238423,395820,565437,152796,132751,288291,166709,648137,395820,477737,191197,679510,43464,66517,33333,11516,20350,142500,82553,400233,1609481,65216,1676339,808015,1583271,1642,1674697,60616,118143,103031,392745,122893,26081,240151,68328,49200,188110,117556,76718,45909,574880,153472,277479,339553,264097,574880,339553,160887,164001,159321,802285,183701,2701004,118709,48880
26,2014-01-01,9957488,3909509,4899118,5058370,39.7,293111,305110,322016,203374,138903,76663,74862,214985,331851,297916,291756,289022,320074,344126,350830,137589,186436,113006,146845,185639,124857,79592,70555,279263,291484,308026,193714,133123,72166,73251,205222,319172,296910,294852,294670,326234,354837,371246,143774,199976,122719,161277,213767,152714,114420,135553,7489371,9846021,9619452,9385114,,8027949,6772215,5151271,,,,,,322866,1360345,303059,497897,45772,14334,244246,497897,9459591,19651,12454,81615,73837,25618,16562,526112,561885,54938,30336,270974,182415,193595,200896,194588,201336,185299,189195,166406,318176,400946,485187,329368,202211,201893,187024,9731374,1457008,0.4664,4580939,850,82000,146200,235000,3909509,1132395,671430,62902,46792,3310218,208976,107731,119258,193845,162898,94880,140005,242072,36909,54480,355865,1970,1851321,1395129,2514380,574471,4784,6314,2196098,557513,691,29.8,87522,270176,91371,66141,90599,119762,130890,135027,99799,41108,2777114,10879,1681021,1040399,313594,661175,423131,250023,150725,15109,7274,238044,57302,50629,596301,630779,696900,659652,308878,535625,309388,272452,320022,4329997,101150,174997,124396,305124,1327568,1513527,529812,233478,105990790,61568,59491,4110477,396427,845,3714050,229387,636753,1179677,1695208,515266,559642,1074799,641536,1966809,1179677,1552019,757375,2226818,116497,216295,144444,34914,89557,426029,311319,1339055,4598487,321008,4923316,3104633,4504994,3821,4919495,54265,437482,240108,1077151,249639,68361,853474,213677,157295,504628,435479,197724,109204,1659703,363017,778755,981395,815617,1659703,981395,476846,500762,534635,2487658,590680,8486297,279967,96044
31,2014-01-01,1904760,754063,949910,954850,36.4,67859,67718,67602,39442,27307,13668,14948,41167,64390,65885,62535,55944,55660,59732,62220,24543,31666,19820,24724,31581,22081,15354,14064,63953,64572,64357,37015,25586,14545,13137,39421,60569,63533,60669,53511,53974,59682,63150,24256,34464,20290,27509,35129,26737,21525,27266,1512314,1879758,1827015,1772948,,1483161,1242463,956383,,,,,,83089,88442,43839,203281,13918,1982,39893,203281,1701479,2221,1292,5339,4163,10339,5929,95431,105560,59116,31101,40512,31484,33014,36057,36302,37232,36912,35040,32310,63275,82615,103433,71539,42044,38623,33671,1850245,213790,0.4433,830749,805,94500,147800,225500,754063,255496,76686,14921,5535,602873,33073,16122,22024,32545,39104,31044,25227,28424,13735,23399,40552,1972,379707,270029,484034,69211,672,933,472518,97382,648,26.4,19745,46168,18398,14586,19983,26251,32888,36403,28067,13007,498567,1892,303343,158257,136932,153480,109829,75613,30474,2820,922,43651,10280,9393,223659,173223,165600,138795,57817,84933,33044,27662,32637,937370,26141,43544,18815,40465,223864,294056,127808,67870,17405100,6531,6131,892182,88467,130,803715,51951,130043,258291,283361,93059,92723,192857,110739,326549,258291,319965,130925,415959,25427,42820,23214,9129,11673,68498,53060,233821,993836,36545,1035610,447551,980914,5229,1030381,43217,76668,68101,240872,74480,18603,103037,43601,40377,114021,85834,56993,28032,370034,98724,143165,218233,163680,370034,218233,102174,104167,102628,504889,107841,1574067,131151,59587
55,2014-01-01,5778394,2343129,2872376,2906018,39.3,172146,182519,190095,114824,79564,41934,42312,120433,185965,186545,182487,168620,183678,204999,210262,79682,108551,67157,85515,102331,71432,48926,42399,163774,175234,180396,109955,76762,40119,40702,116736,175496,181898,175676,167561,182165,206834,214517,79666,111592,67740,88529,116096,85194,65760,83616,4711038,5714267,5579736,5442474,,4639447,3930889,3006194,,,,,,156733,361909,158198,385779,46149,4807,108838,385779,5392615,7289,4552,20403,16431,19286,11322,335343,360857,59209,32018,115992,106603,108024,113641,112435,115627,108363,112278,99091,193488,253997,326010,219125,133762,121032,103661,5628213,668220,0.446,2681232,837,116200,173600,263300,2343129,775089,338103,40200,21812,1785339,113291,172688,99630,132237,91675,102024,90624,93043,29219,49773,149246,1973,1147230,858674,1484455,283261,2777,4307,1288943,287726,703,27.8,46280,160385,59176,44742,63529,82991,97123,106768,82585,31510,1568040,6797,1008935,519241,274936,393049,268312,184787,72515,7989,3021,124737,34138,31289,503734,461798,463334,407033,192614,303349,168692,130736,157614,2788904,89410,131484,76932,158139,746275,941302,347635,149778,61376460,51391,49533,2601098,232054,281,2369044,146654,422227,762210,1077539,264540,285851,549888,317174,1216570,762210,942508,398280,1236655,84407,133905,75849,18269,46820,266977,160945,787172,2964540,124792,3092330,1547117,2920388,2998,3089332,69034,253278,167256,693627,178252,48214,541654,122460,102325,328771,247109,133175,79385,1068930,253223,525336,622193,494858,1068930,622193,285752,293968,300208,1425678,326935,4967985,249830,97015
20,2014-01-01,2908776,1124549,1449413,1459363,36.5,99309,102996,102582,61169,42080,23953,24550,66267,99768,96800,92248,85304,84853,91287,96152,34742,50326,30458,39388,47475,33026,23116,21564,94893,98404,98211,57981,39314,21468,20205,60719,92544,94108,88271,84568,84162,92935,96511,38292,54027,31794,41515,54390,41954,32691,40406,2214543,2872135,2794210,2714574,,2272565,1894675,1456898,,,,,,126705,163713,82887,340616,19504,2302,83384,340616,2568160,4864,3173,10464,9505,17407,10308,139783,154754,57422,30757,65369,49481,51662,53743,57200,57142,53796,55380,48322,92506,120175,147236,100104,59025,58781,54627,2825033,350280,0.4584,1266378,831,81700,145400,231200,1124549,378704,141829,32810,13703,920894,57417,32343,45195,49126,46512,31430,26690,55974,16165,28892,72120,1973,571526,392892,731657,96562,1164,1681,715545,146327,633,27.5,28853,72549,28425,22216,31228,41618,47360,51984,37094,17377,745845,2479,445487,267852,188506,227290,159859,98445,55500,4447,1467,67431,18001,16069,306105,245307,239390,199466,80803,133616,58398,44524,52001,1359610,33452,63382,26320,60736,336920,440293,188830,97770,26202845,6898,6397,1299825,129959,130,1169866,80068,161016,394462,415835,152303,168742,289742,175719,492819,394462,502797,228614,603061,25986,70835,42456,12938,20327,102893,81925,357360,1428660,65038,1511705,760860,1422992,18007,1493698,46532,116543,90820,352931,88306,28040,176981,64254,64417,153119,136580,69792,40345,543697,137536,209284,300794,237349,543697,300794,158110,160072,158932,778732,169264,2397762,209025,84111
18,2014-01-01,6637426,2553818,3271068,3366358,37.6,214555,223689,228198,139211,95055,49742,51584,144082,220237,209798,209675,200135,209750,219912,218036,84381,116561,69721,89334,111555,75560,49330,40967,203744,213565,217808,133523,90559,51239,48202,132855,217332,209565,209727,202177,209651,225242,230896,87895,122782,75016,102245,129824,97057,70047,85407,5275162,6558995,6390181,6219127,,5243518,4399815,3403752,,,,,,207242,610343,143883,450267,12125,9793,133720,450267,6187159,7670,4888,35169,30609,23552,13615,358124,365610,54325,28461,161937,117149,130218,132008,132773,135371,126209,128048,112088,218078,274815,335317,214337,125469,113344,96657,6435742,908359,0.4501,2870670,807,85200,135400,206400,2553818,793086,316852,63479,30984,2087452,107460,72091,101364,135091,102143,62138,62947,139156,37265,66150,167577,1973,1238730,885425,1668393,284689,3430,4702,1574293,394208,634,28.9,66744,169054,64653,46853,64139,82403,92518,99177,75127,32418,1760732,5608,1158794,615597,335944,480397,306939,184637,110465,7972,3865,173458,43626,39299,454616,459694,494060,443667,207656,361344,200238,173218,195976,2990469,64980,116603,84989,166509,821432,980944,399315,185618,70549870,31522,24684,2851074,272480,1563,2578594,187679,382510,727108,1248789,293011,304487,605831,502624,1475931,727108,938197,412800,1281352,67692,130541,74284,29543,65051,315854,165675,848640,3164414,180969,3348477,1895041,3107072,3094,3345383,41216,278310,187588,725412,165025,48899,600516,145709,107120,351072,263974,168767,80806,1066465,277436,626386,671079,523048,1066465,671079,352958,355220,360060,1680206,356963,5686192,288582,114031
06,2014-01-01,39148760,12965435,19453769,19694991,36.3,1268862,1274390,1307143,785629,534964,300238,291051,861027,1571925,1467111,1335677,1271347,1287549,1280116,1203213,452961,602955,362895,472769,589271,405391,273776,253509,1211817,1224929,1249526,751359,511626,272441,270702,814171,1470739,1394237,1309353,1268788,1290222,1297966,1262708,483344,653217,402402,540203,693891,499498,373791,448061,14695836,38691041,37697960,36668081,,31109195,26218885,20903428,,,,,,5184310,2164519,5525439,15221577,138427,97763,1166288,15221577,23927183,369441,315313,155632,139162,913861,591926,1065000,1159007,71228,35021,656515,573531,499894,536077,510114,513108,480115,495884,439574,880868,1184505,1589511,1225091,877148,1082448,1421052,38407403,5487141,0.4891,14084824,1429,294500,475900,747900,12965435,5880000,1119389,217600,83128,8157883,991403,344085,777985,859787,731491,691834,995111,520262,152162,230279,849660,1974,6437416,4050207,8915228,1321440,31479,22486,9073655,2027099,1309,32.8,296668,1590266,570435,400951,531852,642059,679934,614966,385217,167652,7085435,499892,5022699,3086777,1746334,2857888,1894609,1055040,748726,59410,31433,963279,257298,232574,1592067,2091265,2490499,2394143,1009007,2543384,1192253,2063568,1507217,16883403,474721,1020810,576270,939034,3993143,4838980,2070226,1124052,494472730,910567,588949,15039427,1835455,210027,13203972,819479,2051313,5445781,4786892,1498152,2222636,4083998,4475565,5391120,5445781,7077687,3272956,7633463,349154,926783,617149,515015,395093,1010176,1013424,4826794,18309012,1321502,19758291,11350904,17904213,127777,19630514,419569,1915998,1132708,3839707,1111863,538456,1706099,967240,802252,1947161,2457308,941194,529457,7076526,1653964,2216522,3968498,3393502,7076526,3968498,1945687,2035100,2156811,10468812,2683203,20487071,10529621,4253679
54,2014-01-01,1829054,734676,904196,924858,42.4,51075,52365,54629,33334,23822,12696,13304,34599,56442,53366,54838,57543,59124,61837,64397,26362,38742,23682,34347,39409,28334,16488,13461,48216,49735,52415,31604,21573,12830,11802,32971,54446,51994,53372,57009,58670,63121,67839,27711,40552,25817,35548,43909,33205,23833,26686,1684756,1809965,1771511,1729763,,1499244,1292084,947365,,,,,,14627,65597,14353,27522,3546,3060,29911,27522,1801532,773,648,4572,4558,1333,1347,112898,121526,44921,25479,65896,45760,48995,48193,43670,41840,37184,36317,32269,59234,72500,80561,50327,28448,23866,19616,1776501,315464,0.4643,890715,711,65100,115000,188000,734676,198796,156039,16898,10687,629123,20041,17663,24893,25930,15360,9988,12851,134340,6816,17913,67051,1974,358834,258841,475835,126135,826,933,373373,89847,523,28.9,36528,39508,13105,9945,14579,18099,19670,19863,17847,9652,535880,873,250005,170528,36685,111965,67403,37616,24608,3026,2153,44562,11440,9357,107222,103438,114676,98698,43091,79223,41557,64356,51318,703579,20940,24213,20251,63583,253490,272649,102169,42785,18163160,6627,5615,667619,66722,175,600897,48019,91975,158032,436424,77117,75727,163476,174230,523536,158032,206328,103718,332568,13174,28864,18010,10775,25869,112156,41614,250462,742615,53750,797423,701821,727792,1058,796365,31148,70759,45449,204050,30532,10690,59493,31875,51266,92959,57959,40276,16159,248704,81401,103468,164768,144274,248704,164768,82645,85407,83013,393995,83250,1686899,17189,5818
50,2014-01-01,624977,259589,307973,317004,42.9,15391,16449,17800,11376,10848,5426,5569,12681,18658,18035,17074,17672,19930,22383,23844,9566,13424,8240,10721,14106,8228,5924,4628,14285,16075,16150,10820,10178,5216,5016,12002,17823,18298,18188,17616,20166,23822,25428,10368,13850,8110,12301,14778,10214,7240,9060,581023,619499,607670,595301,,521723,439695,326145,,,,,,13289,7602,10541,11677,1867,898,11199,11677,613300,468,331,574,225,608,360,40035,45303,60076,33238,12826,13380,12180,12483,11650,12759,11179,11121,10707,21360,27568,36469,24831,14831,13362,12883,600334,67034,0.4466,333013,972,152700,223700,326000,259589,76019,73424,3293,3242,221521,13428,19162,20777,15575,6333,7927,5306,22870,3164,6488,10867,1974,124868,101183,158406,33369,279,652,118346,24391,846,29.9,5766,17382,6026,4720,6826,9050,9632,9144,5281,2192,183570,1334,115541,65619,14007,34727,24646,16900,6638,737,371,10081,2928,2625,53428,46214,47467,42101,19580,34911,19051,16774,19823,299349,17852,22275,6591,17260,88749,105489,34570,13521,6858930,3971,3637,271998,27960,215,244038,25375,37513,97034,112989,23545,47484,53652,32707,128172,97034,124341,67072,114710,7366,16343,12335,1520,5575,31493,14515,89147,328742,13878,343168,178555,321624,548,342620,8652,31833,23391,93787,14725,5835,34874,14151,16137,38810,29154,10379,7014,137010,32386,37655,65406,56285,137010,65406,25538,27202,29950,146071,39485,561094,6451,1223
23,2014-01-01,1332813,556955,652299,680514,44.6,33208,36685,36809,23992,16645,7905,7814,24183,39578,38216,36633,38475,43732,49817,52468,20335,28353,18783,24966,29707,19329,12801,11865,31229,34016,35869,22853,16257,8151,8287,21013,39039,39013,37688,39921,45494,51691,55803,22106,30359,20023,25397,33552,23801,17484,21468,1244525,1320166,1294877,1268376,,1109357,967897,708721,,,,,,21424,16990,14814,21421,7722,843,26240,21421,1311392,720,564,1058,748,1241,668,88592,97617,55425,31253,33789,30791,29911,27098,27207,28358,26883,24690,23151,45847,59728,74153,49024,27811,25562,22952,1296990,161743,0.4527,739077,831,114100,184500,282400,556955,154836,182122,10857,7448,518686,16902,36598,41763,27496,11306,13617,11097,61323,7014,15312,35491,1975,272403,208996,347959,83988,951,1733,254661,54083,724,29.3,13058,32413,12250,9110,14191,19979,18088,18071,12771,4905,402119,2282,249814,141557,32156,74945,50338,34348,13120,1768,1102,24607,8099,6954,106604,93367,93495,83180,40953,70234,41705,39084,45652,614274,25602,37525,14647,40732,187029,222888,75426,30880,14754580,4159,3384,574444,62978,132,511466,36011,96570,190172,260693,59404,78014,130205,74426,308013,190172,223489,109107,286179,18979,32167,19110,4292,11974,70894,37289,194705,665188,32203,699180,410177,651799,1789,697391,17032,59000,45754,184533,41533,11682,59570,30635,27514,87900,60570,25429,14036,247467,70257,80074,146416,120974,247467,146416,56424,57942,62701,287204,66489,1188798,11461,2519
29,2014-01-01,6090062,2396271,2988772,3101290,38.5,191209,194598,201574,122092,82610,45190,43901,125747,206022,198711,190079,175047,184785,203502,204846,78470,108973,64196,85541,112267,76976,50603,41833,181723,186985,191061,115821,76296,43329,41696,121392,205093,199198,188912,179482,189784,209889,220493,83330,116530,70898,97292,131292,98004,70311,82479,4848330,6018622,5868959,5717130,,4864065,4124838,3143146,,,,,,131589,699730,115311,249105,23566,9826,138157,249105,5840957,6563,4071,41025,37067,12471,7721,321246,337053,53560,29537,158836,118404,122333,127388,124137,129224,119243,120404,104302,195669,249084,300226,195077,115715,111519,104710,5907190,837930,0.4639,2775635,809,89800,151600,236900,2396271,794426,379364,57916,30202,1949251,93580,92309,130253,109545,97071,57752,71300,172502,34492,65982,133539,1976,1152270,855696,1540575,291283,3411,3963,1385063,343073,620,28.2,66185,162589,62018,46103,62087,85607,96175,105416,75379,32867,1601845,6641,992529,647868,261897,426258,279727,176966,89909,8762,4090,146531,33960,30327,410287,389761,440979,416209,186036,364252,181416,142124,186849,2717913,55495,137750,75130,167384,785304,912598,364965,166020,64254060,40311,36497,2588131,250024,2559,2338107,175058,323751,729543,1076664,298310,329182,624735,430529,1266430,729543,962175,451540,1246796,54496,125821,77224,21299,62769,269067,169900,780576,2888094,155958,3062496,1801569,2855663,18444,3044052,49448,263820,181680,698248,199399,56431,330525,137761,122054,340378,279172,151586,77592,1053667,254642,421509,656813,501463,1053667,656813,306435,312914,310231,1498474,320974,5367705,145831,52262
27,2014-01-01,5527358,2167801,2751748,2775610,37.9,179875,186233,184617,110022,72331,37892,36115,109878,188730,194922,182777,164773,174263,190011,194870,69964,100279,58582,75006,93172,63535,42503,41398,171865,177695,176879,104421,69724,35357,35401,107291,179320,189972,176299,161719,171011,190429,198585,72268,101458,60585,80594,102752,77644,59403,74938,4438071,5460483,5320094,5175618,,4379008,3731762,2901650,,,,,,228113,336505,260797,292764,53168,7021,137233,292764,5234594,13481,7990,19469,13131,15059,7882,309232,330404,68411,36245,95813,84069,80874,87853,87858,89569,88183,91810,83183,165587,224732,303935,221933,151454,156891,154057,5403634,547442,0.4515,2420473,944,141500,211800,312500,2167801,616511,252672,27318,16423,1625616,178197,52312,50352,53247,82485,122997,173691,80828,35499,55253,108607,1976,1103647,772287,1395514,196875,2895,3448,1291607,253116,850,28.6,33581,133038,47679,36428,54129,71486,80287,79731,55109,25043,1551290,9368,1034568,531502,221220,411663,301384,217598,72258,8887,2641,110279,30824,28776,430201,396501,424117,402565,199727,341844,190635,148793,182483,2716866,78319,162940,74023,148982,640394,876699,344721,157005,63975625,103390,93750,2488145,244564,4242,2243581,132860,424424,871363,814573,250536,315403,541561,262401,930058,871363,1090558,451419,1216521,81682,154461,85315,16788,30084,203313,157744,729387,2931458,119218,3053005,1326003,2879806,2329,3050676,62944,245435,173411,740013,208236,50572,392925,127492,101598,323381,287073,134249,84129,1194621,234661,402996,621782,477398,1194621,621782,285157,289154,292867,1396590,295732,4571735,200863,82528
46,2014-01-01,864289,341565,435761,428528,36.8,30977,30696,30106,17744,12278,6402,6585,18210,30057,29579,27302,24139,24337,27377,29641,11162,16463,10764,12331,14955,10305,7280,7071,29430,29294,28910,15909,11125,6060,5710,17770,27370,27283,25175,22987,23068,26921,29562,11194,16658,9643,12936,15953,12326,10051,13193,710810,852792,828523,803882,,673638,567083,430275,,,,,,18953,15840,12540,31995,72263,647,19958,31995,832294,650,319,910,514,1412,929,44428,52347,56499,29801,19651,16586,15062,16097,16961,19342,16256,16431,15018,28790,37893,49022,30544,16219,14305,13388,834921,113144,0.4457,387637,722,89000,159100,242800,341565,108929,46072,7200,3064,264298,13867,6753,12914,14633,16420,15829,8995,33726,8507,15641,17229,1976,170352,124580,216985,35169,239,362,213066,47623,608,25.7,9416,18975,7198,5704,8083,11398,14205,15797,11817,6336,232636,925,128765,77707,54707,69152,47133,34201,11560,779,593,22019,5832,5332,119656,82587,75684,52348,18495,27369,10685,12417,12228,411469,15269,25056,7547,17674,97658,125120,64298,36815,6975110,2448,2354,388474,37944,44,350530,34008,65075,112426,147729,36032,34166,84293,46944,173262,112426,128841,49051,185400,11458,19084,8573,2652,5240,39143,22830,108980,442773,16252,461750,211888,436525,2725,459025,29129,39830,32118,107772,31914,6524,45662,19596,20303,50581,27637,18799,12908,158390,48575,62029,97730,76049,158390,97730,47189,45245,44269,216569,43269,751991,16103,6013
24,2014-01-01,6003435,2192518,2910323,3093112,38.6,186840,190426,191702,116895,79087,41166,39688,117449,209055,201992,191659,181182,197922,211521,201096,73391,101386,59610,77909,96912,64474,41872,37089,179334,182217,184210,112553,75966,37006,37144,116894,207708,209316,201341,192099,213331,229151,220599,81418,115354,69024,91215,118940,86661,60222,71409,3084868,5935995,5788964,5637261,,4809210,4114858,3239521,,,,,,440537,1759438,371981,588912,10949,19368,165654,588912,5414523,25450,20199,119651,98758,35519,19004,222811,232730,81868,40517,103376,63381,65727,66417,71878,73649,72866,76848,69274,149066,201098,286460,238462,174830,222637,256549,5862050,553496,0.452,2437740,1357,203500,305500,453100,2192518,728577,245222,48476,25716,1253733,521939,36313,55328,120207,199614,54153,161051,34578,34781,61091,129309,1977,1053860,725964,1466554,245670,2955,3439,1344177,340364,1201,30.1,38659,171077,63280,49055,63378,83023,95155,88266,54215,22469,1463941,26554,1072008,588905,182917,423297,276537,187939,78093,7876,2629,146760,35095,31961,210566,271383,351856,368368,177427,429585,269561,449931,350865,2879542,70350,142425,122878,196253,704499,813872,322158,155736,94750060,258397,122601,2506407,273373,111886,2233034,140552,273518,877641,894293,244463,522662,534708,409757,1021847,877641,1335103,752924,1052689,46351,155017,145161,27128,49480,214555,147624,785316,3051333,181089,3261655,1547555,3021967,29233,3232422,15075,258134,207235,726217,184340,64068,135715,168007,331518,291465,473202,141078,55279,1392767,236722,274402,623723,523719,1392767,623723,295686,296358,308523,1544732,356472,4599111,450150,200382
30,2014-01-01,1041732,423240,524220,517512,39.8,32041,32428,32877,19675,13789,8742,7621,22453,34244,33057,32959,29195,29955,33003,36495,15636,22215,13700,18214,23139,15307,9545,7930,29769,31113,31350,18339,12649,6482,6914,21223,32246,32412,31222,27533,29146,33798,38760,15851,22717,13298,18546,22874,16596,11503,13171,898953,1030154,1005766,979922,,838808,714267,530444,,,,,,10716,4348,7806,39019,64643,486,25771,39019,1002713,272,272,413,234,1868,1287,55859,68321,52559,29765,27058,22449,21411,23392,23565,23372,21503,21227,18170,35694,45157,51580,34101,19422,18200,16939,1016407,139063,0.4592,505685,783,134200,219600,328900,423240,136687,82445,9317,4230,350121,18461,15154,22318,14651,11077,9307,8440,55335,9322,16085,23861,1977,208772,163011,260229,44038,259,705,227592,40820,676,27.8,13948,26309,10103,8158,10215,14711,16301,16256,12808,7878,286553,2777,162315,107887,51646,71257,51530,30736,18006,1876,912,19727,6305,5561,124061,96868,91710,58516,17733,34307,11731,18514,13906,467346,25889,32503,10074,21492,116988,157485,81293,45982,8401340,3852,3702,426229,48075,34,378154,28869,64097,148624,175345,48081,52011,121715,48608,208896,148624,169253,74246,233893,11822,25386,13955,2261,6701,44705,32474,137304,507249,22433,532854,305954,499849,3172,529682,34417,56889,41436,118555,27939,8722,23909,25365,30418,59466,42671,25646,11816,186543,63152,54159,106780,96615,186543,106780,50448,50649,48902,237746,50431,939716,14762,3365
33,2014-01-01,1343622,528078,664983,678639,42.7,32777,36680,38934,25686,19324,9623,8856,28068,42722,40204,38624,38820,46684,52806,54593,19758,26922,16994,21998,26638,16705,11045,10522,31302,35323,37675,24186,19456,9195,9239,25183,39176,39439,38050,40177,47359,54071,55894,21091,27741,17026,23587,29472,20468,14689,18840,1214547,1331607,1306752,1279543,,1114817,952115,724131,,,,,,36381,17622,35848,48356,1838,1323,23818,48356,1295266,2291,1390,1562,788,2695,1522,91600,96428,74057,38548,19962,17120,19075,19686,19732,21875,19149,19683,18692,38093,54158,73982,58038,39393,44900,44540,1300664,102352,0.4384,630955,1077,173700,252800,353700,528078,153320,102877,6780,5056,402386,33911,34093,35159,29417,19581,27753,12916,35510,6635,11478,23638,1977,277398,179173,348905,42279,723,961,262563,50353,951,28.8,7762,32090,12980,9159,13879,18957,21197,20207,12168,4921,374758,2684,248258,140069,39527,75482,53350,35894,15766,1192,498,22132,6422,5865,94457,89620,91817,87671,44781,81085,51086,66064,55194,661775,19003,45262,12717,27300,158298,219548,83686,39246,18063450,5806,4727,627473,55820,204,571653,42580,96387,213277,223340,58100,101226,119591,67607,263005,213277,273376,134148,274078,18883,42445,26600,4559,10430,61234,36612,200763,724017,30392,756239,358578,707037,1830,754409,5816,62932,49932,178501,46350,15133,89824,31489,28427,90149,78667,26669,20128,294175,61592,87642,163856,116752,294175,163856,57265,62205,66312,310284,74999,1178986,27776,9702
72,2014-01-01,3386941,1205075,1612865,1774076,40.9,80711,94778,106025,69871,47774,26341,26038,69305,110292,95444,98687,102939,103233,105233,101240,41237,54988,35622,53901,72699,53446,35262,27799,76927,91178,101679,66776,45986,26232,25043,67879,112589,103727,110871,112160,114923,122305,116448,46793,70666,41697,64608,91073,68708,48052,47756,28015,,3298854,3229303,,2793000,2364398,1723775,,,,,,,3107,2337,3349340,59,2289,1750,3349340,37601,332,206,25393,24740,205002,195021,2432,1860,20166,12451,333145,143400,122665,96672,79401,67526,56023,47119,38180,61015,59464,46497,22355,10992,10094,10527,3356773,1495160,0.5475,1563159,474,81300,113500,161800,1205075,384670,358084,35367,30696,1063080,183401,53659,51091,67919,48506,27683,62383,5413,2304,13188,55283,1978,463150,377256,827819,483867,1317,1454,687945,311612,368,32.9,174980,64434,18564,13891,19156,22763,24706,21884,16259,8033,820405,1868,323088,,,186844,64890,41301,17398,2929,3262,121954,26636,22045,83038,114606,147716,140021,51250,163080,70374,125143,84004,979232,29478,22024,38803,198512,516040,347344,104866,38313,28621900,20074,7978,910730,82520,3790,828210,37244,235051,428310,599597,36342,117015,255778,,,,500002,,,35115,59169,28050,58755,39967,132649,52226,405931,1028500,209950,1240033,1552967,1001256,1583,1238450,13830,99529,54464,242192,56070,18417,91761,56200,90322,137171,102012,38306,28226,333099,95111,114543,271820,213927,333099,271820,153399,167210,174626,833433,220656,172926,3051305,2495431
41,2014-01-01,4081943,1591835,2023021,2058922,39.2,118970,122957,126795,76339,49816,27326,26926,81255,145960,144020,141355,130661,129889,127306,128966,53391,79320,49550,66626,80271,52718,32741,29863,112957,119662,118774,71724,48213,27353,26395,75788,140633,141840,138795,126958,127705,129210,137946,58438,85754,53351,72996,89182,60376,41473,53399,3103557,4040093,3946883,3850016,,3313374,2850693,2168147,,,,,,228412,74356,172505,523956,36776,6410,149082,523956,3557987,10918,7754,5535,4419,28504,15547,202714,226178,59393,32045,95003,70503,74158,74284,78482,76181,70998,71889,64622,126644,166000,209965,142816,88215,90895,91180,4004544,565247,0.461,1750539,1050,186500,287300,421500,1591835,606312,158704,23382,14549,1110754,78359,48652,75958,78481,66304,56819,89220,141071,30712,39459,92566,1978,772458,585966,1005869,279394,3035,4320,868178,185694,912,30.9,34967,150120,53247,39512,52089,67301,75322,70835,44659,18260,985523,12100,652774,466312,225872,266708,187314,108316,68881,7014,3103,79394,22920,20353,277237,271894,291327,257425,111405,214960,108658,112268,120456,1765630,71623,129763,61043,119031,506131,601202,247900,117571,41907850,85300,65312,1545544,188867,8646,1356677,87976,249852,583144,530622,232529,247490,499948,274182,656365,583144,731709,354673,982329,46547,96859,62549,20314,33894,127164,131545,518872,1934643,123485,2061035,1252339,1895393,2907,2058128,62607,191152,117731,443424,106898,34736,220758,91476,88162,226575,211558,84509,55057,748718,173847,246118,413993,351967,748718,413993,194663,192324,198466,955719,220065,3257469,350236,135261
40,2014-01-01,3918137,1474620,1941576,1976561,36.4,135154,137262,137209,81186,55006,30637,29915,84040,139956,135278,125658,116665,114931,121758,124069,46274,64471,39034,51888,68963,47262,30719,24241,128838,130543,131984,76530,50273,30957,27648,76954,134805,131742,122208,116843,114977,124032,130974,49921,70209,42598,60063,78917,58739,42796,44010,2586110,3868574,3761212,3654145,,3063396,2574001,1984771,,,,,,152992,282622,82318,407521,280638,4790,270156,407521,3510616,4677,3287,16898,15594,20221,11806,167520,180526,51424,27432,104686,79794,80385,81892,81511,79230,73745,73955,64010,121219,153601,179466,114397,65039,62455,59235,3802004,607810,0.4672,1723230,793,77200,130900,205200,1474620,507582,248610,45820,19952,1254056,33944,32722,46050,67125,58930,30908,34407,162349,33664,65521,90632,1978,718745,499158,975462,202938,1593,2377,958706,239697,613,27.5,55751,97019,38631,28899,37090,48772,61004,65277,51565,23574,967038,3704,534586,387580,259794,301453,193037,104673,78117,6671,3576,108416,27228,24039,296480,277126,290306,261338,105851,206105,79010,76860,85020,1678096,31322,70248,35729,82050,478793,576626,232388,104763,36360570,7428,6831,1615004,174462,73,1440542,110123,198903,428829,677212,191733,157907,415100,313788,806407,428829,511351,219241,805736,33853,72606,39175,20806,40530,159615,104918,471503,1761328,99087,1878306,1185090,1748344,17891,1860415,85058,168588,126336,394752,97476,29882,169679,92364,108207,203801,148046,91688,45451,606210,199324,253463,396349,305982,606210,396349,218824,212810,206598,1005467,204372,3277292,259532,106746
38,2014-01-01,752201,314903,386183,366018,35.1,26850,26003,22931,13522,11561,6919,7400,21228,32642,29397,24267,21177,20737,23332,25372,9776,13204,7980,9235,11960,8477,5855,6358,25970,24634,21358,12450,10118,5608,5796,19620,27263,24204,21413,19044,19537,22380,24497,8991,13090,7066,9498,12989,9973,9017,11502,639477,741594,719909,699381,,595742,490233,380323,,,,,,17548,20113,10664,26529,38308,972,15772,26529,725672,370,313,1188,647,879,635,38751,44668,63473,35373,18064,13227,13158,12633,14064,13846,13219,13791,12919,24633,32414,45061,31435,20415,18541,17483,727322,79270,0.4579,367684,806,103900,185000,279100,314903,117556,52781,12502,3054,211386,20280,7608,14120,14120,20898,36913,15471,26767,17720,27117,15983,1978,151214,126615,188288,23671,320,293,173718,32208,722,24.6,9332,20358,7731,6048,7826,10963,15289,16853,14649,8507,197347,736,104979,79901,48154,60606,43512,29452,12571,1020,469,17094,4756,4397,110568,87469,76029,40164,11587,20110,7553,16394,10140,380014,13631,18923,7106,15942,91549,121201,54028,32183,6493690,2150,1980,359759,34507,21,325252,25548,67212,105552,113235,30831,26902,79736,36794,131264,105552,121236,38844,177779,13667,15498,7086,1626,4465,28418,21661,92421,400841,11689,418604,177138,398937,6074,412530,37800,32030,29387,100705,22777,5326,27490,17129,19328,44853,26997,22682,14337,147326,49201,53295,81273,69746,147326,81273,38785,34358,33148,183653,48034,656823,12684,3286
15,2014-01-01,1422029,456782,713772,708257,38.9,46487,43770,42966,24119,15904,10783,10900,32176,55520,51456,45573,44904,43746,44538,45570,18777,25405,17589,22865,26963,18110,12013,13638,43901,41344,40701,23213,14438,7442,8410,27108,49267,48892,45560,41907,43226,45115,47219,18834,26903,18366,23878,29417,20523,17498,25095,314536,1404489,1368410,1331641,,1147445,988367,742412,,,,,,109216,24472,522731,147962,1877,1591,276277,147962,1274067,36252,38970,1829,1262,6408,4598,21658,26156,78084,34035,24195,13813,14000,14398,14515,15762,14993,17106,14490,31024,44890,64472,50968,37338,42240,42578,1383626,137516,0.4412,539053,1566,375100,587700,833400,456782,190420,82271,20298,3564,287112,48624,11526,22743,35551,28265,28187,75725,1076,6433,14041,19286,1979,237269,137713,319069,54573,816,1024,306501,63144,1412,33,15464,50062,18534,12202,16492,19860,19854,18724,12660,6568,266362,22884,174326,128972,47963,101726,69000,39905,25401,2517,1177,32726,8867,8075,76103,85423,94244,91635,34648,110896,44901,67580,61446,666876,31742,33352,23096,37579,151804,164729,63184,39486,18303090,45326,44999,566883,97951,168,468932,44031,105186,212053,251280,55742,72121,152114,80696,273633,212053,247232,108943,313042,19219,35512,20305,4999,8069,52740,37192,178036,677446,32036,749527,397918,700228,40045,709482,10069,111434,49734,138903,45410,10229,20423,29582,60011,78082,68627,39915,15027,231882,64180,65496,158702,157186,231882,158702,63879,66814,62879,327620,77803,983502,29100,7408
56,2014-01-01,581836,230630,296979,284857,37.3,19089,19686,20678,11611,7800,4670,4556,12232,20758,21153,19808,17379,17028,18198,19988,8934,11691,6608,9438,10491,6789,4762,3632,18181,19994,18262,10218,7105,4445,3244,10774,19145,19333,18164,16180,15764,17967,20535,8138,11351,6458,8705,11176,8106,5630,5982,489559,575221,559994,544566,,458979,389291,301514,,,,,,12581,5149,4660,56966,12717,227,12124,56966,524870,205,156,216,509,3118,2300,30377,36888,62268,32295,11430,9144,10648,10752,10248,11108,10279,10395,9521,18047,24249,33077,24261,15233,12723,9515,567950,63311,0.4347,274985,843,142100,213300,308800,230630,70509,44355,8987,2836,181492,12225,6051,12334,9093,7147,6356,2436,37425,4353,10685,12760,1979,118904,81938,148692,14796,72,203,137719,23769,715,26.1,7236,11921,4878,3468,5628,7331,9290,8985,7747,4025,160121,1961,93013,59874,35278,43120,31513,18098,12063,1036,316,11607,3532,3211,87033,65102,45005,22733,7185,14496,6797,15046,8927,272324,11285,14851,4445,8873,60484,85347,47749,28177,4846565,3774,3709,251676,28692,29,222984,14197,42835,67697,91927,32098,26978,70138,27644,111899,67697,81845,36980,145071,7517,11907,7348,1185,4046,24849,18987,75839,290963,13685,307485,151494,287175,2837,304648,33414,31231,23314,68798,11604,4495,12071,12946,17712,31864,19427,18409,5678,97929,45071,39272,57764,50927,97929,57764,31857,31229,28689,145568,30150,504841,27564,8898
21,2014-01-01,4440204,1728681,2186715,2253489,38.7,141232,144262,144977,88746,59574,33654,33280,92523,149271,140310,138038,138912,142750,150321,150850,55450,78084,48132,63752,80795,53660,32428,25714,133208,135826,139668,84100,57976,32402,30630,84142,146552,138502,139907,137624,144818,156215,159114,61513,84264,52792,72567,93662,67221,49036,51750,3764082,4387410,4279422,4165764,,3542792,3004004,2312495,,,,,,102677,349407,62432,158744,8498,6057,88645,158744,4281460,3614,1965,22177,20555,8466,4653,256055,254129,48392,26948,152774,105004,100724,97642,94969,93022,85583,84813,73021,137713,169150,199666,129000,76995,67534,61071,4302315,772080,0.4775,1974406,741,80100,135300,212600,1728681,571050,245725,36616,19428,1325460,49056,60081,85666,90062,65924,30246,29942,236845,28068,54592,89804,1979,836598,592972,1135709,270877,2002,2829,1012019,257258,568,28.1,67231,114205,40145,31701,43691,57470,64753,68625,57327,25902,1157631,4594,673651,453504,209224,307782,197174,120525,64375,6771,5503,110608,25953,22002,281237,285494,318450,286398,125738,230482,110125,105358,116693,1859975,42943,69702,49510,128588,569770,652919,259062,118342,43394450,20400,19943,1769353,184705,82,1584648,131139,244802,415937,787966,199735,211163,428500,429573,991791,415937,579435,293666,873037,38022,74098,48223,33667,56789,217710,108946,577455,1959442,128358,2101888,1440904,1929677,14088,2087800,44054,172131,115400,465346,108581,32526,283018,90697,84147,233836,162568,119238,47900,662310,179662,364183,426842,326445,662310,426842,226783,227113,226804,1066088,221020,3937646,111393,49483
22,2014-01-01,4663616,1736021,2279968,2383648,36.6,157355,155651,158333,93518,61646,35539,35427,95651,171475,162487,151846,133405,137771,147343,149546,58353,78716,47911,63314,75941,51798,31648,25294,151984,153443,148083,90107,56229,35057,32991,94661,171621,164309,151197,139749,143848,157744,161386,63050,87388,52318,70920,92211,66799,48288,50265,2744265,4606478,4481996,4354277,,3677980,3107941,2431234,,,,,,114528,1492230,79137,234920,24014,8905,78991,234920,4428696,4766,4034,80927,79829,13757,9138,181762,190158,47942,27027,167068,108333,107587,104135,97404,87724,77778,77475,69014,126646,154607,188543,131031,82248,81945,74483,4531598,878394,0.4927,2045554,850,87000,157800,242400,1736021,602937,309533,57495,20872,1334668,54834,85886,84011,66342,59466,39161,50101,268310,36725,76787,89220,1979,751595,622070,1113951,278183,2450,2750,1108474,385466,676,32.5,84386,146499,50950,38148,46437,52248,54928,61048,45825,22468,1133084,4979,597222,415211,170699,354266,187860,114430,64256,6080,3094,166406,31644,26470,265283,288688,332899,294958,110821,269572,98501,156400,130187,1947309,36198,60290,64592,145958,642617,651862,217342,78242,49601075,25582,23711,1847379,187105,234,1660274,129395,186448,483170,889374,169443,173858,486729,471960,1055768,483170,595481,254423,842620,27672,76349,40042,33232,66578,212423,115433,571729,2031115,149850,2197041,1480939,2007599,16076,2180965,81665,218585,164773,479101,102298,31635,157532,104592,110887,235202,182831,109798,52216,681589,236260,271074,450431,391761,681589,450431,254137,247165,241427,1160552,230228,4001758,161432,74145
53,2014-01-01,7294336,2800423,3645665,3648671,37.6,232133,236092,228937,138580,89674,50995,49221,153213,285382,273997,253272,231804,236156,237502,240142,91135,128404,79013,101916,129502,79848,52733,46014,220875,226486,218358,131414,84684,45955,45545,140231,265299,261517,246460,224820,231612,238984,247031,97320,137607,82458,114092,143506,95236,66736,82445,5039208,7210228,7028966,6841328,,5843155,5001943,3928444,,,,,,536793,259482,602020,911573,80274,12077,343226,911573,6382763,37110,28173,20314,16307,45730,26461,350771,372614,70116,36888,144695,95789,99129,104429,107027,112120,110303,115143,105170,210273,286122,381845,281885,196331,215941,234221,7161708,821621,0.4568,3064381,1194,200900,311700,480300,2800423,1043871,263958,40339,22884,1941657,117550,74499,109737,138938,155476,136073,188005,195923,68422,105254,148019,1981,1407804,987127,1813296,372051,5096,5311,1632875,323113,1051,29.3,57036,223782,87107,67836,96722,122501,137002,135399,83006,33480,1756552,44179,1207408,879586,340147,524663,382743,203509,161374,13015,4845,141920,40467,36648,384727,413895,490886,462971,215977,447960,249535,325692,286520,3278163,125965,207176,106267,192165,832720,1063147,466946,245445,90445860,225913,194937,2853633,346825,8499,2506808,142560,501449,1104621,917800,375788,471410,807708,444721,1109016,1104621,1415407,658640,1684945,92356,193744,123712,35507,48914,217892,221214,933339,3513856,198330,3761036,2082119,3485339,48850,3712186,91208,324204,230167,757898,187588,78995,354379,161118,178562,411244,454863,186128,97502,1441782,337733,426786,714608,592947,1441782,714608,365134,353892,361036,1741942,379418,5514852,579129,234888
35,2014-01-01,2092434,775651,1035850,1056584,37.5,65489,68991,74413,43073,28906,14532,16461,46280,72920,71647,65487,58525,59422,64072,66737,26595,36576,23323,31120,41466,27747,17926,14142,62868,68869,69480,40981,27228,15083,14125,41375,68360,67732,62609,60633,61011,67898,73080,28397,41064,26582,34992,45445,32319,23045,23408,788308,2068256,2015956,1964077,,1655769,1394280,1052765,,,,,,123123,38016,29571,1015751,183408,4056,32278,1015751,1076683,2121,1398,3031,2789,57096,49555,49861,66105,48059,26085,71461,46565,45977,46783,43912,40663,37203,34927,33099,61051,73430,87444,58236,33084,32953,28863,2050855,410389,0.4788,932818,828,98200,166800,261300,775651,251409,157167,24306,12441,599433,32386,17038,35712,27260,22643,16468,21651,158166,11722,22074,37994,1982,342830,282875,492776,135205,1557,1881,494164,143521,694,29.7,28274,55246,20272,14725,19821,24850,27637,28463,20660,11461,524242,3661,287148,158181,112310,148280,84148,42693,36140,3763,1552,64132,15964,14073,140560,143631,153515,127187,46670,98136,37610,45389,45105,837803,18023,42468,17712,45052,256423,288860,125083,60233,18475675,10139,8942,794374,88207,72,706167,42958,114664,213129,303626,85994,116002,241381,205558,368487,213129,274713,165067,442039,19279,36891,29356,17216,21002,74561,55097,253402,882735,68370,960566,695203,880271,9461,951105,36314,101380,61448,222973,42234,13466,35542,45051,65554,101845,102517,37313,17098,317113,96941,87617,198087,182977,317113,198087,111868,114716,112672,542173,121091,1281412,535918,146440
51,2014-01-01,8413774,3128415,4138574,4275200,38.1,262126,262476,268863,160621,117869,62634,61179,179327,299119,292064,275908,268434,277972,288812,275455,103456,138449,85367,114500,141649,93247,59520,49527,247829,256800,253960,154752,114625,58370,56928,165063,290642,288636,281439,270497,286761,303545,292016,113703,153198,95987,129726,165511,118607,82787,93818,5233111,8314115,8112785,7903819,,6756219,5730352,4500106,,,,,,502400,1582421,526973,771177,17747,21295,256310,771177,7642597,35983,24545,104047,93101,45277,25027,371841,367332,71564,37763,165334,114411,113351,118126,120742,120540,116458,124993,111844,223854,299458,404293,307236,217713,255538,314524,8162107,893580,0.4682,3491091,1202,160400,264900,435900,3128415,1057536,362676,63404,33483,2152581,384635,57496,97136,162443,198479,69036,187874,180297,57820,108297,157168,1982,1578357,1043170,2085245,288254,4483,5003,1867427,425319,1015,29.4,74184,228944,90152,66301,93306,117010,136868,129874,84447,36450,2070879,36463,1430890,917350,302989,588532,408060,250797,142737,10399,4127,180472,40039,36795,395423,470630,589697,566672,265910,567400,303862,411917,373201,3944712,99787,207721,111310,194930,947266,1189295,530572,266352,112173755,184405,84111,3588194,382324,82627,3205870,244193,436970,1244489,1154825,346434,692598,766185,612820,1381080,1244489,1805025,942374,1549589,70740,218049,194218,43576,79388,280589,197584,1084144,4118723,217670,4450906,2305313,4152433,114513,4336393,37434,366689,271915,909534,258612,81788,291491,216916,366443,431998,628691,181324,75888,1804637,344374,437992,847431,684289,1804637,847431,414813,415667,429296,2136022,503287,6632464,562347,236492
01,2014-01-01,4864680,1860269,2355799,2508881,38.9,149151,154426,158729,98202,65598,36376,35261,97598,162663,148737,144144,147214,150559,160452,160682,60037,85569,51870,70217,91817,61026,38279,27192,142974,147748,153364,94199,65915,35484,34087,95610,165559,155701,153698,154326,159748,170310,173329,68825,94573,60161,80851,108141,80154,57880,56244,3196730,4809280,4693070,4572555,,3894696,3299958,2516126,,,,,,105024,1285737,63936,203146,23243,7503,82864,203146,4661534,4446,2562,72596,71373,9857,5499,219672,221904,48486,26846,163312,117629,114088,108736,100244,98408,89216,86970,74023,147857,176464,213319,139638,82409,78452,69504,4742208,829400,0.4797,2244462,772,76400,137200,224200,1860269,585046,384193,67917,27231,1539939,34286,46772,65106,96073,72796,41642,47234,298206,35723,80214,93058,1983,883386,630364,1229905,276211,1590,2157,1098793,334569,562,29.5,81633,125284,43960,33165,43244,58643,59794,64403,51898,23022,1275223,4902,722643,460296,195803,329913,196301,114479,71452,6607,3763,133612,24152,20449,238394,279860,334026,313420,133836,293268,117013,123106,151641,1984564,22977,66881,39431,115360,602858,687059,305506,149486,49084915,6959,6427,1934423,174391,98,1760032,118799,273493,515443,838776,199534,221842,514121,470043,1020172,515443,655266,307152,987148,44028,91352,55173,26202,64882,209887,125775,617299,2076708,147898,2237164,1657532,2051445,12558,2224606,30912,173969,135759,465072,114993,32766,295803,106266,112901,244280,199311,111448,53228,715206,200403,362929,458464,339706,715206,458464,246192,248704,254334,1182234,257248,4335573,148420,63979
08,2014-01-01,5531141,2113387,2780831,2750310,36.6,171155,182468,183742,107404,75396,38768,39582,119777,221913,219400,199031,185937,181419,178165,178485,67167,93106,56955,73215,87863,56335,33978,29570,164044,172931,175592,102483,69347,34859,35734,109267,204719,203125,191163,173146,175971,179799,184516,72993,97899,60055,78215,99528,65456,45975,53493,3778212,5467766,5331855,5195942,,4409148,3748592,3007954,,,,,,318943,216732,169556,1184794,30131,10352,133884,1184794,4346347,10475,6630,16329,12656,65021,42681,260386,270547,68811,36415,107807,73311,73097,81688,83573,88139,87818,88689,79871,163943,212739,288416,212974,145127,159913,166282,5409817,590504,0.4578,2352202,1196,205000,313600,459500,2113387,742242,238815,38412,16072,1474537,164593,38138,77136,108196,135898,125584,129050,97247,55190,69784,63720,1983,1050035,761704,1351683,182295,3896,4689,1259819,239886,1078,30.5,37205,171798,68218,50420,69658,85876,94034,90638,52145,22250,1371145,23218,983251,666029,302602,391839,292602,171287,109055,9063,3197,99237,26622,24544,326205,353163,404695,395031,176495,369921,183066,185800,209482,2603858,80354,218214,60272,108846,630357,846411,354162,173611,66357435,86516,67401,2374938,249461,10676,2125477,119835,314214,944470,657022,232804,409786,570533,322718,803431,944470,1230568,560422,1117551,57727,163056,109086,26379,32732,163406,145956,698342,2839374,139326,3012312,1396836,2822072,33612,2978700,67013,304240,229930,589452,197450,81306,190116,142169,133785,307896,395179,130765,70073,1186757,266469,282162,620318,483668,1186757,620318,284619,284891,284520,1396806,306341,4314327,612425,217269
28,2014-01-01,2988762,1105576,1450379,1538383,37.2,95979,102480,106018,63377,45181,23790,22584,61421,100717,90580,92633,88342,88387,93735,94243,36691,49642,30461,40787,51581,36006,20518,15226,92596,98094,101336,60428,43900,22922,23078,58264,101372,96094,97471,92468,95135,101016,103293,39832,56185,33996,46741,61955,46106,32666,33435,1696952,2953805,2879089,2800187,,2350291,1967314,1517836,,,,,,43317,1121752,28170,90493,12990,2858,34893,90493,2898269,1727,1133,60564,59759,4912,2784,113194,115229,43567,23434,113175,76319,74327,68278,65117,61203,54498,53790,47283,84396,102096,123926,73926,40786,36688,29768,2890347,599795,0.4784,1316108,762,64100,114500,189600,1105576,351558,210532,37625,15771,909562,14834,31456,39284,58371,31750,14194,15078,200009,20546,43114,44847,1983,491943,365308,740268,186863,696,1126,720308,260789,566,30.1,54885,75811,26436,19691,26768,32761,37015,36473,28664,13054,754018,2215,374676,284866,103303,214991,113438,70420,37187,3487,2344,101553,16788,14084,171606,186904,198386,174203,72979,163893,64281,80718,74948,1187918,17028,27779,25528,71851,366091,408064,176816,82754,29189080,3393,3136,1148639,111401,27,1037238,96421,184334,266274,474505,116918,116055,323976,316345,596564,266274,340060,162903,625228,27811,42662,25678,21639,43648,122829,78431,362698,1228537,110036,1349340,1000951,1215697,10767,1338573,33265,119187,81780,303809,56502,15282,163470,57984,66493,143207,84296,73406,29856,392309,131077,220120,264557,220474,392309,264557,165519,162367,162757,782219,168114,2691455,68037,31017
47,2014-01-01,6651089,2567061,3243678,3407411,38.7,206076,211506,217232,131783,85935,47663,46618,133615,230485,211847,206381,207751,215466,219604,213346,81849,115819,73255,97969,121065,82041,49804,36568,197515,201283,210213,125786,81318,44847,44571,134422,233417,217262,215136,208908,222042,233143,234924,89965,128148,79854,109710,143874,102340,72716,76017,4924145,6575703,6412354,6247498,,5321857,4530706,3485493,,,,,,208634,1107218,112015,352402,15172,9686,127133,352402,6298687,6949,4270,65401,59082,17527,9182,339946,333605,50972,28511,190342,141456,143086,143310,141143,136061,130436,127042,108652,212139,260418,305237,193963,113288,109904,110584,6488786,1046508,0.4802,2930530,841,94100,158600,254000,2567061,865902,363469,66691,29572,2009258,88505,83742,94003,138185,111761,61280,68251,272979,62366,95427,136808,1983,1241573,871215,1695846,391326,3446,4379,1501394,409603,647,29.2,87141,178661,72227,51903,71627,95293,100497,101660,72959,33934,1701159,10393,1012457,636495,309848,459171,286441,165540,107052,8832,5017,172730,36477,31976,341274,394715,475953,455360,202946,405831,187294,183811,225390,2872574,39970,130652,57437,151711,814442,977266,421986,201656,71675365,21786,20045,2772904,269408,242,2503496,154894,323928,762299,1198201,287384,311861,655225,590270,1467848,762299,980952,443752,1266537,54427,133725,76930,40645,77995,297323,165039,846084,3047809,191544,3257398,2064459,3003226,18045,3239353,30358,294006,193830,689455,176336,53400,398909,147073,126791,364881,296619,197415,78736,1059099,267582,515886,687380,517862,1059099,687380,326317,340533,341137,1574474,325686,5804167,254705,113381
